{
  "data": [
    {
      "artist": "Evanescence",
      "albums": [
        {
          "name": "Fallen",
          "year": 2004,
          "songs": [
            {
              "title": "Going Under"
            },
            {
              "title": "Bring Me To Life"
            },
            {
              "title": "Everybody's Fool"
            },
            {
              "title": "Haunted"
            },
            {
              "title": "Tourniquet"
            },
            {
              "title": "Imaginary"
            },
            {
              "title": "Taking Over Me"
            },
            {
              "title": "Hello"
            },
            {
              "title": "My Last Breath"
            },
            {
              "title": "Whisper"
            }
          ]
        },
        {
          "name": "The Open Door",
          "year": 2006
        },
        {
          "name": "Evanescence",
          "year": 2011,
          "songs": [
            {
              "title": "What You Want"
            },
            {
              "title": null
            },
            {
              "title": "The Change"
            },
            {
              "title": "My Heart Is Broken"
            },
            {
              "title": "The Other Side"
            },
            {
              "title": "Erase This"
            },
            {
              "title": "Lost In Paradise"
            },
            {
              "title": "Sick"
            },
            {
              "title": "End Of The Dream"
            },
            {
              "title": "Oceans"
            },
            {
              "title": "Never Go Back"
            },
            {
              "title": "Swimming Home"
            }
          ]
        }
      ]
    },
    {
      "artist": "Michael Jackson",
      "albums": [
        {
          "name": "Got to Be There",
          "year": 1972,
          "songs": [
            {
              "title": "Ain't No Sunshine"
            },
            {
              "title": "I Wanna Be Where You Are"
            },
            {
              "title": "Girl Don't Take Your Love from Mee"
            },
            {
              "title": "In Our Small Way"
            },
            {
              "title": "Got to Be There"
            }
          ]
        },
        {
          "name": "Ben",
          "year": 1972,
          "songs": [
            {
              "title": "Ben"
            },
            {
              "title": "Greatest Show On Earth"
            },
            {
              "title": "People Make the World Go 'Round"
            },
            {
              "title": "We've Got a Good Thing Going"
            },
            {
              "title": "Everybody's Somebody's Fool"
            }
          ]
        }
      ]
    },
    {
      "artist": "Nirvana",
      "albums": [
        {
          "name": "Bleach",
          "year": 1989,
          "songs": [
            {
              "title": "Blew"
            },
            {
              "title": "Floyd the Barber"
            },
            {
              "title": "About a Girl"
            },
            {
              "title": "School"
            },
            {
              "title": "Love Buzz"
            },
            {
              "title": "Paper Cuts"
            },
            {
              "title": "Negative Creep"
            },
            {
              "title": "Scoff"
            },
            {
              "title": "Swap Meet"
            },
            {
              "title": "Mr. Moustache"
            },
            {
              "title": "Sifting"
            }
          ]
        },
        {
          "name": "Nevermind",
          "year": 1991,
          "songs": [
            {
              "title": "Smells Like Teen Spirit"
            },
            {
              "title": "In Bloom"
            },
            {
              "title": "Come As You Are"
            },
            {
              "title": "Breed"
            },
            {
              "title": "Lithium"
            },
            {
              "title": "Polly"
            },
            {
              "title": "Territorial Pissings"
            }
          ]
        }
      ]
    }
  ]
}